{"cameraMode":{"drawMode":0,"name":"Shaded","section":"Shading Mode"},"sceneLighting":true,"audioPlay":false,"sceneViewState":{"showFog":false,"showMaterialUpdate":false,"showSkybox":false,"showFlares":false,"showImageEffects":false,"showParticleSystems":false},"in2DMode":false,"pivot":{"x":-3.23109769821167,"y":-4.482120513916016,"z":8.997788429260254},"rotation":{"x":-0.18438366055488587,"y":0.1726960986852646,"z":-0.03292578458786011,"w":-0.9670113921165466},"size":14.142135620117188,"orthographic":false}